element, 0, 230, 204, 191
element, 1, 230, 204, 191
element, 2, 230, 204, 191
element, 3, 230, 204, 191
element, 4, 230, 204, 191
element, 5, 230, 204, 191
element, 6, 230, 204, 191
element, 7, 230, 204, 191
element, 8, 230, 204, 191
element, 9, 230, 204, 191
element, 10, 230, 204, 191
element, 11, 230, 204, 191
element, 12, 230, 204, 191
element, 13, 230, 204, 191
element, 14, 230, 204, 191
element, 15, 230, 204, 191
element, 16, 230, 204, 191
element, 17, 230, 204, 191
element, 18, 230, 204, 191
element, 19, 230, 204, 191
element, 20, 230, 204, 191
element, 21, 230, 204, 191
element, 22, 230, 204, 191
element, 23, 230, 204, 191
element, 24, 230, 204, 191
element, 25, 230, 204, 191
element, 26, 230, 204, 191
element, 27, 230, 204, 191
element, 28, 230, 204, 191
element, 29, 230, 204, 191
element, 30, 230, 204, 191
element, 31, 230, 204, 191
element, 32, 230, 204, 191
element, 33, 230, 204, 191
element, 34, 230, 204, 191
element, 35, 230, 204, 191
element, 36, 230, 204, 191
element, 37, 230, 204, 191
element, 38, 230, 204, 191
element, 39, 230, 204, 191
element, 40, 230, 204, 191
element, 41, 230, 204, 191
element, 42, 230, 204, 191
element, 43, 230, 204, 191
element, 44, 230, 204, 191
element, 45, 230, 204, 191
element, 46, 230, 204, 191
element, 47, 230, 204, 191
element, 48, 230, 204, 191
element, 49, 230, 204, 191
element, 50, 230, 204, 191
element, 51, 230, 204, 191
element, 52, 230, 204, 191
element, 53, 230, 204, 191
element, 54, 230, 204, 191
element, 55, 230, 204, 191
element, 56, 230, 204, 191
element, 57, 230, 204, 191
element, 58, 230, 204, 191
element, 59, 230, 204, 191
element, 60, 230, 204, 191
element, 61, 230, 204, 191
element, 62, 230, 204, 191
element, 63, 230, 204, 191
element, 64, 230, 204, 191
element, 65, 230, 204, 191
element, 66, 230, 204, 191
element, 67, 230, 204, 191
element, 68, 230, 204, 191
element, 69, 230, 204, 191
element, 70, 230, 204, 191
element, 71, 230, 204, 191
element, 72, 230, 204, 191
element, 73, 230, 204, 191
element, 74, 230, 204, 191
element, 75, 230, 204, 191
element, 76, 230, 204, 191
element, 77, 230, 204, 191
element, 78, 230, 204, 191
element, 79, 230, 204, 191
element, 80, 230, 204, 191
element, 81, 230, 204, 191
element, 82, 230, 204, 191
element, 83, 230, 204, 191
element, 84, 230, 204, 191
element, 85, 230, 204, 191
element, 86, 230, 204, 191
element, 87, 230, 204, 191
element, 88, 230, 204, 191
element, 89, 230, 204, 191
element, 90, 230, 204, 191
element, 91, 230, 204, 191
element, 92, 230, 204, 191
element, 93, 230, 204, 191
element, 94, 230, 204, 191
element, 95, 230, 204, 191
element, 96, 230, 204, 191
element, 97, 230, 204, 191
element, 98, 230, 204, 191
element, 99, 230, 204, 191
element, 100, 230, 204, 191
element, 101, 230, 204, 191
element, 102, 230, 204, 191
element, 103, 230, 204, 191
element, 104, 230, 204, 191
element, 105, 230, 204, 191
element, 106, 230, 204, 191
element, 107, 230, 204, 191
element, 108, 230, 204, 191
element, 109, 230, 204, 191
element, 110, 230, 204, 191
element, 111, 230, 204, 191
element, 112, 230, 204, 191
element, 113, 230, 204, 191
element, 114, 230, 204, 191
element, 115, 230, 204, 191
element, 116, 230, 204, 191
element, 117, 230, 204, 191
element, 118, 230, 204, 191
element, 119, 230, 204, 191
element, 120, 230, 204, 191
element, 121, 230, 204, 191
element, 122, 230, 204, 191
element, 123, 230, 204, 191
element, 124, 230, 204, 191
element, 125, 230, 204, 191
element, 126, 230, 204, 191
element, 127, 230, 204, 191
element, 128, 230, 204, 191
element, 129, 230, 204, 191
element, 130, 230, 204, 191
element, 131, 230, 204, 191
element, 132, 230, 204, 191
element, 133, 230, 204, 191
element, 134, 230, 204, 191
element, 135, 230, 204, 191
element, 136, 230, 204, 191
element, 137, 230, 204, 191
element, 138, 230, 204, 191
element, 139, 230, 204, 191
element, 140, 230, 204, 191
element, 141, 230, 204, 191
element, 142, 230, 204, 191
element, 143, 230, 204, 191
element, 144, 230, 204, 191
element, 145, 230, 204, 191
element, 146, 230, 204, 191
element, 147, 230, 204, 191
element, 148, 230, 204, 191
element, 149, 230, 204, 191
element, 150, 230, 204, 191
element, 151, 230, 204, 191
element, 152, 230, 204, 191
element, 153, 230, 204, 191
element, 154, 230, 204, 191
element, 155, 230, 204, 191
element, 156, 230, 204, 191
element, 157, 230, 204, 191
element, 158, 230, 204, 191
element, 159, 230, 204, 191
element, 160, 230, 204, 191
element, 161, 230, 204, 191
element, 162, 230, 204, 191
element, 163, 230, 204, 191
element, 164, 230, 204, 191
element, 165, 230, 204, 191
element, 166, 230, 204, 191
element, 167, 230, 204, 191
element, 168, 230, 204, 191
element, 169, 230, 204, 191
element, 170, 230, 204, 191
element, 171, 230, 204, 191
element, 172, 230, 204, 191
element, 173, 230, 204, 191
element, 174, 230, 204, 191
element, 175, 230, 204, 191
element, 176, 230, 204, 191
element, 177, 230, 204, 191
element, 178, 230, 204, 191
element, 179, 230, 204, 191
element, 180, 230, 204, 191
element, 181, 230, 204, 191
element, 182, 230, 204, 191
element, 183, 230, 204, 191
element, 184, 230, 204, 191
element, 185, 230, 204, 191
element, 186, 230, 204, 191
element, 187, 230, 204, 191
element, 188, 230, 204, 191
element, 189, 230, 204, 191
element, 190, 230, 204, 191
element, 191, 230, 204, 191
element, 192, 230, 204, 191
element, 193, 230, 204, 191
element, 194, 230, 204, 191
element, 195, 230, 204, 191
element, 196, 230, 204, 191
element, 197, 230, 204, 191
element, 198, 230, 204, 191
element, 199, 230, 204, 191
element, 200, 230, 204, 191
element, 201, 230, 204, 191
element, 202, 230, 204, 191
element, 203, 230, 204, 191
element, 204, 230, 204, 191
element, 205, 230, 204, 191
element, 206, 230, 204, 191
element, 207, 230, 204, 191
element, 208, 230, 204, 191
element, 209, 230, 204, 191
element, 210, 230, 204, 191
element, 211, 230, 204, 191
element, 212, 230, 204, 191
element, 213, 230, 204, 191
element, 214, 230, 204, 191
element, 215, 230, 204, 191
element, 216, 230, 204, 191
element, 217, 230, 204, 191
element, 218, 230, 204, 191
element, 219, 230, 204, 191
element, 220, 230, 204, 191
element, 221, 230, 204, 191
element, 222, 230, 204, 191
element, 223, 230, 204, 191
element, 224, 230, 204, 191
element, 225, 230, 204, 191
element, 226, 230, 204, 191
element, 227, 230, 204, 191
element, 228, 230, 204, 191
element, 229, 230, 204, 191
element, 230, 230, 204, 191
element, 231, 230, 204, 191
element, 232, 230, 204, 191
element, 233, 230, 204, 191
element, 234, 230, 204, 191
element, 235, 230, 204, 191
element, 236, 230, 204, 191
element, 237, 230, 204, 191
element, 238, 230, 204, 191
element, 239, 230, 204, 191
element, 240, 230, 204, 191
element, 241, 230, 204, 191
element, 242, 230, 204, 191
element, 243, 230, 204, 191
element, 244, 230, 204, 191
element, 245, 230, 204, 191
element, 246, 230, 204, 191
element, 247, 230, 204, 191
element, 248, 230, 204, 191
element, 249, 230, 204, 191
element, 250, 230, 204, 191
element, 251, 230, 204, 191
element, 252, 230, 204, 191
element, 253, 230, 204, 191
element, 254, 230, 204, 191
element, 255, 230, 204, 191
element, 256, 230, 204, 191
element, 257, 230, 204, 191
element, 258, 230, 204, 191
element, 259, 230, 204, 191
element, 260, 230, 204, 191
element, 261, 230, 204, 191
element, 262, 230, 204, 191
element, 263, 230, 204, 191
element, 264, 230, 204, 191
element, 265, 230, 204, 191
element, 266, 230, 204, 191
element, 267, 230, 204, 191
element, 268, 230, 204, 191
element, 269, 230, 204, 191
element, 270, 230, 204, 191
element, 271, 230, 204, 191
element, 272, 230, 204, 191
element, 273, 230, 204, 191
element, 274, 230, 204, 191
element, 275, 230, 204, 191
element, 276, 230, 204, 191
element, 277, 230, 204, 191
element, 278, 230, 204, 191
element, 279, 230, 204, 191
element, 280, 230, 204, 191
element, 281, 230, 204, 191
element, 282, 230, 204, 191
element, 283, 230, 204, 191
element, 284, 230, 204, 191
element, 285, 230, 204, 191
element, 286, 230, 204, 191
element, 287, 230, 204, 191
element, 288, 230, 204, 191
element, 289, 230, 204, 191
element, 290, 230, 204, 191
element, 291, 230, 204, 191
element, 292, 230, 204, 191
element, 293, 230, 204, 191
element, 294, 230, 204, 191
element, 295, 230, 204, 191
element, 296, 230, 204, 191
element, 297, 230, 204, 191
element, 298, 230, 204, 191
element, 299, 230, 204, 191
element, 300, 230, 204, 191
element, 301, 230, 204, 191
element, 302, 230, 204, 191
element, 303, 230, 204, 191
element, 304, 230, 204, 191
element, 305, 230, 204, 191
element, 306, 230, 204, 191
element, 307, 230, 204, 191
element, 308, 230, 204, 191
element, 309, 230, 204, 191
element, 310, 230, 204, 191
element, 311, 230, 204, 191
element, 312, 230, 204, 191
element, 313, 230, 204, 191
element, 314, 230, 204, 191
element, 315, 230, 204, 191
element, 316, 230, 204, 191
element, 317, 230, 204, 191
element, 318, 230, 204, 191
element, 319, 230, 204, 191
element, 320, 230, 204, 191
element, 321, 230, 204, 191
element, 322, 230, 204, 191
element, 323, 230, 204, 191
element, 324, 230, 204, 191
element, 325, 230, 204, 191
element, 326, 230, 204, 191
element, 327, 230, 204, 191
element, 328, 230, 204, 191
element, 329, 230, 204, 191
element, 330, 230, 204, 191
element, 331, 230, 204, 191
element, 332, 230, 204, 191
element, 333, 230, 204, 191
element, 334, 230, 204, 191
element, 335, 230, 204, 191
element, 336, 230, 204, 191
element, 337, 230, 204, 191
element, 338, 230, 204, 191
element, 339, 230, 204, 191
element, 340, 230, 204, 191
element, 341, 230, 204, 191
element, 342, 230, 204, 191
element, 343, 230, 204, 191
element, 344, 230, 204, 191
element, 345, 230, 204, 191
element, 346, 230, 204, 191
element, 347, 230, 204, 191
element, 348, 230, 204, 191
element, 349, 230, 204, 191
element, 350, 230, 204, 191
element, 351, 230, 204, 191
element, 352, 230, 204, 191
element, 353, 230, 204, 191
element, 354, 230, 204, 191
element, 355, 230, 204, 191
element, 356, 230, 204, 191
element, 357, 230, 204, 191
element, 358, 230, 204, 191
element, 359, 230, 204, 191
element, 360, 230, 204, 191
element, 361, 230, 204, 191
element, 362, 230, 204, 191
element, 363, 230, 204, 191
element, 364, 230, 204, 191
element, 365, 230, 204, 191
element, 366, 230, 204, 191
element, 367, 230, 204, 191
element, 368, 230, 204, 191
element, 369, 230, 204, 191
element, 370, 230, 204, 191
element, 371, 230, 204, 191
element, 372, 230, 204, 191
element, 373, 230, 204, 191
element, 374, 230, 204, 191
element, 375, 230, 204, 191
element, 376, 230, 204, 191
element, 377, 230, 204, 191
element, 378, 230, 204, 191
element, 379, 230, 204, 191
element, 380, 230, 204, 191
element, 381, 230, 204, 191
element, 382, 230, 204, 191
element, 383, 230, 204, 191
element, 384, 230, 204, 191
element, 385, 230, 204, 191
element, 386, 230, 204, 191
element, 387, 230, 204, 191
element, 388, 230, 204, 191
element, 389, 230, 204, 191
element, 390, 230, 204, 191
element, 391, 230, 204, 191
element, 392, 230, 204, 191
element, 393, 230, 204, 191
element, 394, 230, 204, 191
element, 395, 230, 204, 191
element, 396, 230, 204, 191
element, 397, 230, 204, 191
element, 398, 230, 204, 191
element, 399, 230, 204, 191
element, 400, 230, 204, 191
element, 401, 230, 204, 191
element, 402, 230, 204, 191
element, 403, 230, 204, 191
element, 404, 230, 204, 191
element, 405, 230, 204, 191
element, 406, 230, 204, 191
element, 407, 230, 204, 191
element, 408, 230, 204, 191
element, 409, 230, 204, 191
element, 410, 230, 204, 191
element, 411, 230, 204, 191
element, 412, 230, 204, 191
element, 413, 230, 204, 191
element, 414, 230, 204, 191
element, 415, 230, 204, 191
element, 416, 230, 204, 191
element, 417, 230, 204, 191
element, 418, 230, 204, 191
element, 419, 230, 204, 191
element, 420, 230, 204, 191
element, 421, 230, 204, 191
element, 422, 230, 204, 191
element, 423, 230, 204, 191
element, 424, 230, 204, 191
element, 425, 230, 204, 191
element, 426, 230, 204, 191
element, 427, 230, 204, 191
element, 428, 230, 204, 191
element, 429, 230, 204, 191
element, 430, 230, 204, 191
element, 431, 230, 204, 191
element, 432, 230, 204, 191
element, 433, 230, 204, 191
element, 434, 230, 204, 191
element, 435, 230, 204, 191
element, 436, 230, 204, 191
element, 437, 230, 204, 191
element, 438, 230, 204, 191
element, 439, 230, 204, 191
element, 440, 230, 204, 191
element, 441, 230, 204, 191
element, 442, 230, 204, 191
element, 443, 230, 204, 191
element, 444, 230, 204, 191
element, 445, 230, 204, 191
element, 446, 230, 204, 191
element, 447, 230, 204, 191
element, 448, 230, 204, 191
element, 449, 230, 204, 191
element, 450, 230, 204, 191
element, 451, 230, 204, 191
element, 452, 230, 204, 191
element, 453, 230, 204, 191
element, 454, 230, 204, 191
element, 455, 230, 204, 191
element, 456, 230, 204, 191
element, 457, 230, 204, 191
element, 458, 230, 204, 191
element, 459, 230, 204, 191
element, 460, 230, 204, 191
element, 461, 230, 204, 191
element, 462, 230, 204, 191
element, 463, 230, 204, 191
element, 464, 230, 204, 191
element, 465, 230, 204, 191
element, 466, 230, 204, 191
element, 467, 230, 204, 191
element, 468, 230, 204, 191
element, 469, 230, 204, 191
element, 470, 230, 204, 191
element, 471, 230, 204, 191
element, 472, 230, 204, 191
element, 473, 230, 204, 191
element, 474, 230, 204, 191
element, 475, 230, 204, 191
element, 476, 230, 204, 191
element, 477, 230, 204, 191
element, 478, 230, 204, 191
element, 479, 230, 204, 191
element, 480, 230, 204, 191
element, 481, 230, 204, 191
element, 482, 230, 204, 191
element, 483, 230, 204, 191
element, 484, 230, 204, 191
element, 485, 230, 204, 191
element, 486, 230, 204, 191
element, 487, 230, 204, 191
element, 488, 230, 204, 191
element, 489, 230, 204, 191
element, 490, 230, 204, 191
element, 491, 230, 204, 191
element, 492, 230, 204, 191
element, 493, 230, 204, 191
element, 494, 230, 204, 191
element, 495, 230, 204, 191
element, 496, 230, 204, 191
element, 497, 230, 204, 191
element, 498, 230, 204, 191
element, 499, 230, 204, 191
element, 500, 230, 204, 191
element, 501, 230, 204, 191
element, 502, 230, 204, 191
element, 503, 230, 204, 191
element, 504, 230, 204, 191
element, 505, 230, 204, 191
element, 506, 230, 204, 191
element, 507, 230, 204, 191
element, 508, 230, 204, 191
element, 509, 230, 204, 191
element, 510, 230, 204, 191
element, 511, 230, 204, 191
element, 512, 230, 204, 191
element, 513, 230, 204, 191
element, 514, 230, 204, 191
element, 515, 230, 204, 191
element, 516, 230, 204, 191
element, 517, 230, 204, 191
element, 518, 230, 204, 191
element, 519, 230, 204, 191
element, 520, 230, 204, 191
element, 521, 230, 204, 191
element, 522, 230, 204, 191
element, 523, 230, 204, 191
element, 524, 230, 204, 191
element, 525, 230, 204, 191
element, 526, 230, 204, 191
element, 527, 230, 204, 191
element, 528, 230, 204, 191
element, 529, 230, 204, 191
element, 530, 230, 204, 191
element, 531, 230, 204, 191
element, 532, 230, 204, 191
element, 533, 230, 204, 191
element, 534, 230, 204, 191
element, 535, 230, 204, 191
element, 536, 230, 204, 191
element, 537, 230, 204, 191
element, 538, 230, 204, 191
element, 539, 230, 204, 191
element, 540, 230, 204, 191
element, 541, 230, 204, 191
element, 542, 230, 204, 191
element, 543, 230, 204, 191
element, 544, 230, 204, 191
element, 545, 230, 204, 191
element, 546, 230, 204, 191
element, 547, 230, 204, 191
element, 548, 230, 204, 191
element, 549, 230, 204, 191
element, 550, 230, 204, 191
element, 551, 230, 204, 191
element, 552, 230, 204, 191
element, 553, 230, 204, 191
element, 554, 230, 204, 191
element, 555, 230, 204, 191
element, 556, 230, 204, 191
element, 557, 230, 204, 191
element, 558, 230, 204, 191
element, 559, 230, 204, 191
element, 560, 230, 204, 191
element, 561, 230, 204, 191
element, 562, 230, 204, 191
element, 563, 230, 204, 191
element, 564, 230, 204, 191
element, 565, 230, 204, 191
element, 566, 230, 204, 191
element, 567, 230, 204, 191
element, 568, 230, 204, 191
element, 569, 230, 204, 191
element, 570, 230, 204, 191
element, 571, 230, 204, 191
element, 572, 230, 204, 191
element, 573, 230, 204, 191
element, 574, 230, 204, 191
element, 575, 230, 204, 191
element, 576, 230, 204, 191
element, 577, 230, 204, 191
element, 578, 230, 204, 191
element, 579, 230, 204, 191
element, 580, 230, 204, 191
element, 581, 230, 204, 191
element, 582, 230, 204, 191
element, 583, 230, 204, 191
element, 584, 230, 204, 191
element, 585, 230, 204, 191
element, 586, 230, 204, 191
element, 587, 230, 204, 191
element, 588, 230, 204, 191
element, 589, 230, 204, 191
element, 590, 230, 204, 191
element, 591, 230, 204, 191
element, 592, 230, 204, 191
element, 593, 230, 204, 191
element, 594, 230, 204, 191
element, 595, 230, 204, 191
element, 596, 230, 204, 191
element, 597, 230, 204, 191
element, 598, 230, 204, 191
element, 599, 230, 204, 191
element, 600, 230, 204, 191
element, 601, 230, 204, 191
element, 602, 230, 204, 191
element, 603, 230, 204, 191
element, 604, 230, 204, 191
element, 605, 230, 204, 191
element, 606, 230, 204, 191
element, 607, 230, 204, 191
element, 608, 230, 204, 191
element, 609, 230, 204, 191
element, 610, 230, 204, 191
element, 611, 230, 204, 191
element, 612, 230, 204, 191
element, 613, 230, 204, 191
element, 614, 230, 204, 191
element, 615, 230, 204, 191
element, 616, 230, 204, 191
element, 617, 230, 204, 191
element, 618, 230, 204, 191
element, 619, 230, 204, 191
element, 620, 230, 204, 191
element, 621, 230, 204, 191
element, 622, 230, 204, 191
element, 623, 230, 204, 191
element, 624, 230, 204, 191
element, 625, 230, 204, 191
element, 626, 230, 204, 191
element, 627, 230, 204, 191
element, 628, 230, 204, 191
element, 629, 230, 204, 191
element, 630, 230, 204, 191
element, 631, 230, 204, 191
element, 632, 230, 204, 191
element, 633, 230, 204, 191
element, 634, 230, 204, 191
element, 635, 230, 204, 191
element, 636, 230, 204, 191
element, 637, 230, 204, 191
element, 638, 230, 204, 191
element, 639, 230, 204, 191
element, 640, 230, 204, 191
element, 641, 230, 204, 191
element, 642, 230, 204, 191
element, 643, 230, 204, 191
element, 644, 230, 204, 191
element, 645, 230, 204, 191
element, 646, 230, 204, 191
element, 647, 230, 204, 191
element, 648, 230, 204, 191
element, 649, 230, 204, 191
element, 650, 230, 204, 191
element, 651, 230, 204, 191
element, 652, 230, 204, 191
element, 653, 230, 204, 191
element, 654, 230, 204, 191
element, 655, 230, 204, 191
element, 656, 230, 204, 191
element, 657, 230, 204, 191
element, 658, 230, 204, 191
element, 659, 230, 204, 191
element, 660, 230, 204, 191
element, 661, 230, 204, 191
element, 662, 230, 204, 191
element, 663, 230, 204, 191
element, 664, 230, 204, 191
element, 665, 230, 204, 191
element, 666, 230, 204, 191
element, 667, 230, 204, 191
element, 668, 230, 204, 191
element, 669, 230, 204, 191
element, 670, 230, 204, 191
element, 671, 230, 204, 191
element, 672, 230, 204, 191
element, 673, 230, 204, 191
element, 674, 230, 204, 191
element, 675, 230, 204, 191
element, 676, 230, 204, 191
element, 677, 230, 204, 191
element, 678, 230, 204, 191
element, 679, 230, 204, 191
element, 680, 230, 204, 191
element, 681, 230, 204, 191
element, 682, 230, 204, 191
element, 683, 230, 204, 191
element, 684, 230, 204, 191
element, 685, 230, 204, 191
element, 686, 230, 204, 191
element, 687, 230, 204, 191
element, 688, 230, 204, 191
element, 689, 230, 204, 191
element, 690, 230, 204, 191
element, 691, 230, 204, 191
element, 692, 230, 204, 191
element, 693, 230, 204, 191
element, 694, 230, 204, 191
element, 695, 230, 204, 191
element, 696, 230, 204, 191
element, 697, 230, 204, 191
element, 698, 230, 204, 191
element, 699, 230, 204, 191
element, 700, 230, 204, 191
element, 701, 230, 204, 191
element, 702, 230, 204, 191
element, 703, 230, 204, 191
element, 704, 230, 204, 191
element, 705, 230, 204, 191
element, 706, 230, 204, 191
element, 707, 230, 204, 191
element, 708, 230, 204, 191
element, 709, 230, 204, 191
element, 710, 230, 204, 191
element, 711, 230, 204, 191
element, 712, 230, 204, 191
element, 713, 230, 204, 191
element, 714, 230, 204, 191
element, 715, 230, 204, 191
element, 716, 230, 204, 191
element, 717, 230, 204, 191
element, 718, 230, 204, 191
element, 719, 230, 204, 191
element, 720, 230, 204, 191
element, 721, 230, 204, 191
element, 722, 230, 204, 191
element, 723, 230, 204, 191
element, 724, 230, 204, 191
element, 725, 230, 204, 191
element, 726, 230, 204, 191
element, 727, 230, 204, 191
element, 728, 230, 204, 191
element, 729, 230, 204, 191
element, 730, 230, 204, 191
element, 731, 230, 204, 191
element, 732, 230, 204, 191
element, 733, 230, 204, 191
element, 734, 230, 204, 191
element, 735, 230, 204, 191
element, 736, 230, 204, 191
element, 737, 230, 204, 191
element, 738, 230, 204, 191
element, 739, 230, 204, 191
element, 740, 230, 204, 191
element, 741, 230, 204, 191
element, 742, 230, 204, 191
element, 743, 230, 204, 191
element, 744, 230, 204, 191
element, 745, 230, 204, 191
element, 746, 230, 204, 191
element, 747, 230, 204, 191
element, 748, 230, 204, 191
element, 749, 230, 204, 191
element, 750, 230, 204, 191
element, 751, 230, 204, 191
element, 752, 230, 204, 191
element, 753, 230, 204, 191
element, 754, 230, 204, 191
element, 755, 230, 204, 191
element, 756, 230, 204, 191
element, 757, 230, 204, 191
element, 758, 230, 204, 191
element, 759, 230, 204, 191
element, 760, 230, 204, 191
element, 761, 230, 204, 191
element, 762, 230, 204, 191
element, 763, 230, 204, 191
element, 764, 230, 204, 191
element, 765, 230, 204, 191
element, 766, 230, 204, 191
element, 767, 230, 204, 191
element, 768, 230, 204, 191
element, 769, 230, 204, 191
element, 770, 230, 204, 191
element, 771, 230, 204, 191
element, 772, 230, 204, 191
element, 773, 230, 204, 191
element, 774, 230, 204, 191
element, 775, 230, 204, 191
element, 776, 230, 204, 191
element, 777, 230, 204, 191
element, 778, 230, 204, 191
element, 779, 230, 204, 191
element, 780, 230, 204, 191
element, 781, 230, 204, 191
element, 782, 230, 204, 191
element, 783, 230, 204, 191
element, 784, 230, 204, 191
element, 785, 230, 204, 191
element, 786, 230, 204, 191
element, 787, 230, 204, 191
element, 788, 230, 204, 191
element, 789, 230, 204, 191
element, 790, 230, 204, 191
element, 791, 230, 204, 191
element, 792, 230, 204, 191
element, 793, 230, 204, 191
element, 794, 230, 204, 191
element, 795, 230, 204, 191
element, 796, 230, 204, 191
element, 797, 230, 204, 191
element, 798, 230, 204, 191
element, 799, 230, 204, 191
element, 800, 230, 204, 191
element, 801, 230, 204, 191
element, 802, 230, 204, 191
element, 803, 230, 204, 191
element, 804, 230, 204, 191
element, 805, 230, 204, 191
element, 806, 230, 204, 191
element, 807, 230, 204, 191
element, 808, 230, 204, 191
element, 809, 230, 204, 191
element, 810, 230, 204, 191
element, 811, 230, 204, 191
element, 812, 230, 204, 191
element, 813, 230, 204, 191
element, 814, 230, 204, 191
element, 815, 230, 204, 191
element, 816, 230, 204, 191
element, 817, 230, 204, 191
element, 818, 230, 204, 191
element, 819, 230, 204, 191
element, 820, 230, 204, 191
element, 821, 230, 204, 191
element, 822, 230, 204, 191
element, 823, 230, 204, 191
element, 824, 230, 204, 191
element, 825, 230, 204, 191
element, 826, 230, 204, 191
element, 827, 230, 204, 191
element, 828, 230, 204, 191
element, 829, 230, 204, 191
element, 830, 230, 204, 191
element, 831, 230, 204, 191
element, 832, 230, 204, 191
element, 833, 230, 204, 191
element, 834, 230, 204, 191
element, 835, 230, 204, 191
element, 836, 230, 204, 191
element, 837, 230, 204, 191
element, 838, 230, 204, 191
element, 839, 230, 204, 191
element, 840, 230, 204, 191
element, 841, 230, 204, 191
element, 842, 230, 204, 191
element, 843, 230, 204, 191
element, 844, 230, 204, 191
element, 845, 230, 204, 191
element, 846, 230, 204, 191
element, 847, 230, 204, 191
element, 848, 230, 204, 191
element, 849, 230, 204, 191
element, 850, 230, 204, 191
element, 851, 230, 204, 191
element, 852, 230, 204, 191
element, 853, 230, 204, 191
element, 854, 230, 204, 191
element, 855, 230, 204, 191
element, 856, 230, 204, 191
element, 857, 230, 204, 191
element, 858, 230, 204, 191
element, 859, 230, 204, 191
element, 860, 230, 204, 191
element, 861, 230, 204, 191
element, 862, 230, 204, 191
element, 863, 230, 204, 191
element, 864, 230, 204, 191
element, 865, 230, 204, 191
element, 866, 230, 204, 191
element, 867, 230, 204, 191
element, 868, 230, 204, 191
element, 869, 230, 204, 191
element, 870, 230, 204, 191
element, 871, 230, 204, 191
element, 872, 230, 204, 191
element, 873, 230, 204, 191
element, 874, 230, 204, 191
element, 875, 230, 204, 191
element, 876, 230, 204, 191
element, 877, 230, 204, 191
element, 878, 230, 204, 191
element, 879, 230, 204, 191
element, 880, 230, 204, 191
element, 881, 230, 204, 191
element, 882, 230, 204, 191
element, 883, 230, 204, 191
element, 884, 230, 204, 191
element, 885, 230, 204, 191
element, 886, 230, 204, 191
element, 887, 230, 204, 191
element, 888, 230, 204, 191
element, 889, 230, 204, 191
element, 890, 230, 204, 191
element, 891, 230, 204, 191
element, 892, 230, 204, 191
element, 893, 230, 204, 191
element, 894, 230, 204, 191
element, 895, 230, 204, 191
element, 896, 230, 204, 191
element, 897, 230, 204, 191
element, 898, 230, 204, 191
element, 899, 230, 204, 191
element, 900, 230, 204, 191
element, 901, 230, 204, 191
element, 902, 230, 204, 191
element, 903, 230, 204, 191
element, 904, 230, 204, 191
element, 905, 230, 204, 191
element, 906, 230, 204, 191
element, 907, 230, 204, 191
element, 908, 230, 204, 191
element, 909, 230, 204, 191
element, 910, 230, 204, 191
element, 911, 230, 204, 191
element, 912, 230, 204, 191
element, 913, 230, 204, 191
element, 914, 230, 204, 191
element, 915, 230, 204, 191
element, 916, 230, 204, 191
element, 917, 230, 204, 191
element, 918, 230, 204, 191
element, 919, 230, 204, 191
element, 920, 230, 204, 191
element, 921, 230, 204, 191
element, 922, 230, 204, 191
element, 923, 230, 204, 191
element, 924, 230, 204, 191
element, 925, 230, 204, 191
element, 926, 230, 204, 191
element, 927, 230, 204, 191
element, 928, 230, 204, 191
element, 929, 230, 204, 191
element, 930, 230, 204, 191
element, 931, 230, 204, 191
element, 932, 230, 204, 191
element, 933, 230, 204, 191
element, 934, 230, 204, 191
element, 935, 230, 204, 191
element, 936, 230, 204, 191
element, 937, 230, 204, 191
element, 938, 230, 204, 191
element, 939, 230, 204, 191
element, 940, 230, 204, 191
element, 941, 230, 204, 191
element, 942, 230, 204, 191
element, 943, 230, 204, 191
element, 944, 230, 204, 191
element, 945, 230, 204, 191
element, 946, 230, 204, 191
element, 947, 230, 204, 191
element, 948, 230, 204, 191
element, 949, 230, 204, 191
element, 950, 230, 204, 191
element, 951, 230, 204, 191
element, 952, 230, 204, 191
element, 953, 230, 204, 191
element, 954, 230, 204, 191
element, 955, 230, 204, 191
element, 956, 230, 204, 191
element, 957, 230, 204, 191
element, 958, 230, 204, 191
element, 959, 230, 204, 191
element, 960, 230, 204, 191
element, 961, 230, 204, 191
element, 962, 230, 204, 191
element, 963, 230, 204, 191
element, 964, 230, 204, 191
element, 965, 230, 204, 191
element, 966, 230, 204, 191
element, 967, 230, 204, 191
element, 968, 230, 204, 191
element, 969, 230, 204, 191
element, 970, 230, 204, 191
element, 971, 230, 204, 191
element, 972, 230, 204, 191
element, 973, 230, 204, 191
element, 974, 230, 204, 191
element, 975, 230, 204, 191
element, 976, 230, 204, 191
element, 977, 230, 204, 191
element, 978, 230, 204, 191
element, 979, 230, 204, 191
element, 980, 230, 204, 191
element, 981, 230, 204, 191
element, 982, 230, 204, 191
element, 983, 230, 204, 191
element, 984, 230, 204, 191
element, 985, 230, 204, 191
element, 986, 230, 204, 191
element, 987, 230, 204, 191
element, 988, 230, 204, 191
element, 989, 230, 204, 191
element, 990, 230, 204, 191
element, 991, 230, 204, 191
element, 992, 230, 204, 191
element, 993, 230, 204, 191
element, 994, 230, 204, 191
element, 995, 230, 204, 191
element, 996, 230, 204, 191
element, 997, 230, 204, 191
element, 998, 230, 204, 191
element, 999, 230, 204, 191
element, 1000, 230, 204, 191
element, 1001, 230, 204, 191
element, 1002, 230, 204, 191
element, 1003, 230, 204, 191
element, 1004, 230, 204, 191
element, 1005, 230, 204, 191
element, 1006, 230, 204, 191
element, 1007, 230, 204, 191
element, 1008, 230, 204, 191
element, 1009, 230, 204, 191
element, 1010, 230, 204, 191
element, 1011, 230, 204, 191
element, 1012, 230, 204, 191
element, 1013, 230, 204, 191
element, 1014, 230, 204, 191
element, 1015, 230, 204, 191
element, 1016, 230, 204, 191
element, 1017, 230, 204, 191
element, 1018, 230, 204, 191
element, 1019, 230, 204, 191
element, 1020, 230, 204, 191
element, 1021, 230, 204, 191
element, 1022, 230, 204, 191
element, 1023, 230, 204, 191
element, 1024, 230, 204, 191
element, 1025, 230, 204, 191
element, 1026, 230, 204, 191
element, 1027, 230, 204, 191
element, 1028, 230, 204, 191
element, 1029, 230, 204, 191
element, 1030, 230, 204, 191
element, 1031, 230, 204, 191
element, 1032, 230, 204, 191
element, 1033, 230, 204, 191
element, 1034, 230, 204, 191
element, 1035, 230, 204, 191
element, 1036, 230, 204, 191
element, 1037, 230, 204, 191
element, 1038, 230, 204, 191
element, 1039, 230, 204, 191
element, 1040, 230, 204, 191
element, 1041, 230, 204, 191
element, 1042, 230, 204, 191
element, 1043, 230, 204, 191
element, 1044, 230, 204, 191
element, 1045, 230, 204, 191
element, 1046, 230, 204, 191
element, 1047, 230, 204, 191
element, 1048, 230, 204, 191
element, 1049, 230, 204, 191
element, 1050, 230, 204, 191
element, 1051, 230, 204, 191
element, 1052, 230, 204, 191
element, 1053, 230, 204, 191
element, 1054, 230, 204, 191
element, 1055, 230, 204, 191
element, 1056, 230, 204, 191
element, 1057, 230, 204, 191
element, 1058, 230, 204, 191
element, 1059, 230, 204, 191
element, 1060, 230, 204, 191
element, 1061, 230, 204, 191
element, 1062, 230, 204, 191
element, 1063, 230, 204, 191
element, 1064, 230, 204, 191
element, 1065, 230, 204, 191
element, 1066, 230, 204, 191
element, 1067, 230, 204, 191
element, 1068, 230, 204, 191
element, 1069, 230, 204, 191
element, 1070, 230, 204, 191
element, 1071, 230, 204, 191
element, 1072, 230, 204, 191
element, 1073, 230, 204, 191
element, 1074, 230, 204, 191
element, 1075, 230, 204, 191
element, 1076, 230, 204, 191
element, 1077, 230, 204, 191
element, 1078, 230, 204, 191
element, 1079, 230, 204, 191
element, 1080, 230, 204, 191
element, 1081, 230, 204, 191
element, 1082, 230, 204, 191
element, 1083, 230, 204, 191
element, 1084, 230, 204, 191
element, 1085, 230, 204, 191
element, 1086, 230, 204, 191
element, 1087, 230, 204, 191
element, 1088, 230, 204, 191
element, 1089, 230, 204, 191
element, 1090, 230, 204, 191
element, 1091, 230, 204, 191
element, 1092, 230, 204, 191
element, 1093, 230, 204, 191
element, 1094, 230, 204, 191
element, 1095, 230, 204, 191
element, 1096, 230, 204, 191
element, 1097, 230, 204, 191
element, 1098, 230, 204, 191
element, 1099, 230, 204, 191
element, 1100, 230, 204, 191
element, 1101, 230, 204, 191
element, 1102, 230, 204, 191
element, 1103, 230, 204, 191
element, 1104, 230, 204, 191
element, 1105, 230, 204, 191
element, 1106, 230, 204, 191
element, 1107, 230, 204, 191
element, 1108, 230, 204, 191
element, 1109, 230, 204, 191
element, 1110, 230, 204, 191
element, 1111, 230, 204, 191
element, 1112, 230, 204, 191
element, 1113, 230, 204, 191
element, 1114, 230, 204, 191
element, 1115, 230, 204, 191
element, 1116, 230, 204, 191
element, 1117, 230, 204, 191
element, 1118, 230, 204, 191
element, 1119, 230, 204, 191
element, 1120, 230, 204, 191
element, 1121, 230, 204, 191
element, 1122, 230, 204, 191
element, 1123, 230, 204, 191
element, 1124, 230, 204, 191
element, 1125, 230, 204, 191
element, 1126, 230, 204, 191
element, 1127, 230, 204, 191
element, 1128, 230, 204, 191
element, 1129, 230, 204, 191
element, 1130, 230, 204, 191
element, 1131, 230, 204, 191
element, 1132, 230, 204, 191
element, 1133, 230, 204, 191
element, 1134, 230, 204, 191
element, 1135, 230, 204, 191
element, 1136, 230, 204, 191
element, 1137, 230, 204, 191
element, 1138, 230, 204, 191
element, 1139, 230, 204, 191
element, 1140, 230, 204, 191
element, 1141, 230, 204, 191
element, 1142, 230, 204, 191
element, 1143, 230, 204, 191
element, 1144, 230, 204, 191
element, 1145, 230, 204, 191
element, 1146, 230, 204, 191
element, 1147, 230, 204, 191
element, 1148, 230, 204, 191
element, 1149, 230, 204, 191
element, 1150, 230, 204, 191
element, 1151, 230, 204, 191
element, 1152, 230, 204, 191
element, 1153, 230, 204, 191
element, 1154, 230, 204, 191
element, 1155, 230, 204, 191
element, 1156, 230, 204, 191
element, 1157, 230, 204, 191
element, 1158, 230, 204, 191
element, 1159, 230, 204, 191
element, 1160, 230, 204, 191
element, 1161, 230, 204, 191
element, 1162, 230, 204, 191
element, 1163, 230, 204, 191
element, 1164, 230, 204, 191
element, 1165, 230, 204, 191
element, 1166, 230, 204, 191
element, 1167, 230, 204, 191
element, 1168, 230, 204, 191
element, 1169, 230, 204, 191
element, 1170, 230, 204, 191
element, 1171, 230, 204, 191
element, 1172, 230, 204, 191
element, 1173, 230, 204, 191
element, 1174, 230, 204, 191
element, 1175, 230, 204, 191
element, 1176, 230, 204, 191
element, 1177, 230, 204, 191
element, 1178, 230, 204, 191
element, 1179, 230, 204, 191
element, 1180, 230, 204, 191
element, 1181, 230, 204, 191
element, 1182, 230, 204, 191
element, 1183, 230, 204, 191
element, 1184, 230, 204, 191
element, 1185, 230, 204, 191
element, 1186, 230, 204, 191
element, 1187, 230, 204, 191
element, 1188, 230, 204, 191
element, 1189, 230, 204, 191
element, 1190, 230, 204, 191
element, 1191, 230, 204, 191
element, 1192, 230, 204, 191
element, 1193, 230, 204, 191
element, 1194, 230, 204, 191
element, 1195, 230, 204, 191
element, 1196, 230, 204, 191
element, 1197, 230, 204, 191
element, 1198, 230, 204, 191
element, 1199, 230, 204, 191
element, 1200, 230, 204, 191
element, 1201, 230, 204, 191
element, 1202, 230, 204, 191
element, 1203, 230, 204, 191
element, 1204, 230, 204, 191
element, 1205, 230, 204, 191
element, 1206, 230, 204, 191
element, 1207, 230, 204, 191
element, 1208, 230, 204, 191
element, 1209, 230, 204, 191
element, 1210, 230, 204, 191
element, 1211, 230, 204, 191
element, 1212, 230, 204, 191
element, 1213, 230, 204, 191
element, 1214, 230, 204, 191
element, 1215, 230, 204, 191
element, 1216, 230, 204, 191
element, 1217, 230, 204, 191
element, 1218, 230, 204, 191
element, 1219, 230, 204, 191
element, 1220, 230, 204, 191
element, 1221, 230, 204, 191
element, 1222, 230, 204, 191
element, 1223, 230, 204, 191
element, 1224, 230, 204, 191
element, 1225, 230, 204, 191
element, 1226, 230, 204, 191
element, 1227, 230, 204, 191
element, 1228, 230, 204, 191
element, 1229, 230, 204, 191
element, 1230, 230, 204, 191
element, 1231, 230, 204, 191
element, 1232, 230, 204, 191
element, 1233, 230, 204, 191
element, 1234, 230, 204, 191
element, 1235, 230, 204, 191
element, 1236, 230, 204, 191
element, 1237, 230, 204, 191
element, 1238, 230, 204, 191
element, 1239, 230, 204, 191
element, 1240, 230, 204, 191
element, 1241, 230, 204, 191
element, 1242, 230, 204, 191
element, 1243, 230, 204, 191
element, 1244, 230, 204, 191
element, 1245, 230, 204, 191
element, 1246, 230, 204, 191
element, 1247, 230, 204, 191
element, 1248, 230, 204, 191
element, 1249, 230, 204, 191
element, 1250, 230, 204, 191
element, 1251, 230, 204, 191
element, 1252, 230, 204, 191
element, 1253, 230, 204, 191
element, 1254, 230, 204, 191
element, 1255, 230, 204, 191
element, 1256, 230, 204, 191
element, 1257, 230, 204, 191
element, 1258, 230, 204, 191
element, 1259, 230, 204, 191
element, 1260, 230, 204, 191
element, 1261, 230, 204, 191
element, 1262, 230, 204, 191
element, 1263, 230, 204, 191
element, 1264, 230, 204, 191
element, 1265, 230, 204, 191
element, 1266, 230, 204, 191
element, 1267, 230, 204, 191
element, 1268, 230, 204, 191
element, 1269, 230, 204, 191
element, 1270, 230, 204, 191
element, 1271, 230, 204, 191
element, 1272, 230, 204, 191
element, 1273, 230, 204, 191
element, 1274, 230, 204, 191
element, 1275, 230, 204, 191
element, 1276, 230, 204, 191
element, 1277, 230, 204, 191
element, 1278, 230, 204, 191
element, 1279, 230, 204, 191
element, 1280, 230, 204, 191
element, 1281, 230, 204, 191
element, 1282, 230, 204, 191
element, 1283, 230, 204, 191
element, 1284, 230, 204, 191
element, 1285, 230, 204, 191
element, 1286, 230, 204, 191
element, 1287, 230, 204, 191
element, 1288, 230, 204, 191
element, 1289, 230, 204, 191
element, 1290, 230, 204, 191
element, 1291, 230, 204, 191
element, 1292, 230, 204, 191
element, 1293, 230, 204, 191
element, 1294, 230, 204, 191
element, 1295, 230, 204, 191
element, 1296, 230, 204, 191
element, 1297, 230, 204, 191
element, 1298, 230, 204, 191
element, 1299, 230, 204, 191
element, 1300, 230, 204, 191
element, 1301, 230, 204, 191
element, 1302, 230, 204, 191
element, 1303, 230, 204, 191
element, 1304, 230, 204, 191
element, 1305, 230, 204, 191
element, 1306, 230, 204, 191
element, 1307, 230, 204, 191
element, 1308, 230, 204, 191
element, 1309, 230, 204, 191
element, 1310, 230, 204, 191
element, 1311, 230, 204, 191
element, 1312, 230, 204, 191
element, 1313, 230, 204, 191
element, 1314, 230, 204, 191
element, 1315, 230, 204, 191
element, 1316, 230, 204, 191
element, 1317, 230, 204, 191
element, 1318, 230, 204, 191
element, 1319, 230, 204, 191
element, 1320, 230, 204, 191
element, 1321, 230, 204, 191
element, 1322, 230, 204, 191
element, 1323, 230, 204, 191
element, 1324, 230, 204, 191
element, 1325, 230, 204, 191
element, 1326, 230, 204, 191
element, 1327, 230, 204, 191
element, 1328, 230, 204, 191
element, 1329, 230, 204, 191
element, 1330, 230, 204, 191
element, 1331, 230, 204, 191
element, 1332, 230, 204, 191
element, 1333, 230, 204, 191
element, 1334, 230, 204, 191
element, 1335, 230, 204, 191
element, 1336, 230, 204, 191
element, 1337, 230, 204, 191
element, 1338, 230, 204, 191
element, 1339, 230, 204, 191
element, 1340, 230, 204, 191
element, 1341, 230, 204, 191
element, 1342, 230, 204, 191
element, 1343, 230, 204, 191
element, 1344, 230, 204, 191
element, 1345, 230, 204, 191
element, 1346, 230, 204, 191
element, 1347, 230, 204, 191
element, 1348, 230, 204, 191
element, 1349, 230, 204, 191
element, 1350, 230, 204, 191
element, 1351, 230, 204, 191
element, 1352, 230, 204, 191
element, 1353, 230, 204, 191
element, 1354, 230, 204, 191
element, 1355, 230, 204, 191
element, 1356, 230, 204, 191
element, 1357, 230, 204, 191
element, 1358, 230, 204, 191
element, 1359, 230, 204, 191
element, 1360, 230, 204, 191
element, 1361, 230, 204, 191
element, 1362, 230, 204, 191
element, 1363, 230, 204, 191
element, 1364, 230, 204, 191
element, 1365, 230, 204, 191
element, 1366, 230, 204, 191
element, 1367, 230, 204, 191
element, 1368, 230, 204, 191
element, 1369, 230, 204, 191
element, 1370, 230, 204, 191
element, 1371, 230, 204, 191
element, 1372, 230, 204, 191
element, 1373, 230, 204, 191
element, 1374, 230, 204, 191
element, 1375, 230, 204, 191
element, 1376, 230, 204, 191
element, 1377, 230, 204, 191
element, 1378, 230, 204, 191
element, 1379, 230, 204, 191
element, 1380, 230, 204, 191
element, 1381, 230, 204, 191
element, 1382, 230, 204, 191
element, 1383, 230, 204, 191
element, 1384, 230, 204, 191
element, 1385, 230, 204, 191
element, 1386, 230, 204, 191
element, 1387, 230, 204, 191
element, 1388, 230, 204, 191
element, 1389, 230, 204, 191
element, 1390, 230, 204, 191
element, 1391, 230, 204, 191
element, 1392, 230, 204, 191
element, 1393, 230, 204, 191
element, 1394, 230, 204, 191
element, 1395, 230, 204, 191
element, 1396, 230, 204, 191
element, 1397, 230, 204, 191
element, 1398, 230, 204, 191
element, 1399, 230, 204, 191
element, 1400, 230, 204, 191
element, 1401, 230, 204, 191
element, 1402, 230, 204, 191
element, 1403, 230, 204, 191
element, 1404, 230, 204, 191
element, 1405, 230, 204, 191
element, 1406, 230, 204, 191
element, 1407, 230, 204, 191
element, 1408, 230, 204, 191
element, 1409, 230, 204, 191
element, 1410, 230, 204, 191
element, 1411, 230, 204, 191
element, 1412, 230, 204, 191
element, 1413, 230, 204, 191
element, 1414, 230, 204, 191
element, 1415, 230, 204, 191
element, 1416, 230, 204, 191
element, 1417, 230, 204, 191
element, 1418, 230, 204, 191
element, 1419, 230, 204, 191
element, 1420, 230, 204, 191
element, 1421, 230, 204, 191
element, 1422, 230, 204, 191
element, 1423, 230, 204, 191
element, 1424, 230, 204, 191
element, 1425, 230, 204, 191
element, 1426, 230, 204, 191
element, 1427, 230, 204, 191
element, 1428, 230, 204, 191
element, 1429, 230, 204, 191
element, 1430, 230, 204, 191
element, 1431, 230, 204, 191
element, 1432, 230, 204, 191
element, 1433, 230, 204, 191
element, 1434, 230, 204, 191
element, 1435, 230, 204, 191
element, 1436, 230, 204, 191
element, 1437, 230, 204, 191
element, 1438, 230, 204, 191
element, 1439, 230, 204, 191
element, 1440, 230, 204, 191
element, 1441, 230, 204, 191
element, 1442, 230, 204, 191
element, 1443, 230, 204, 191
element, 1444, 230, 204, 191
element, 1445, 230, 204, 191
element, 1446, 230, 204, 191
element, 1447, 230, 204, 191
element, 1448, 230, 204, 191
element, 1449, 230, 204, 191
element, 1450, 230, 204, 191
element, 1451, 230, 204, 191
element, 1452, 230, 204, 191
element, 1453, 230, 204, 191
element, 1454, 230, 204, 191
element, 1455, 230, 204, 191
element, 1456, 230, 204, 191
element, 1457, 230, 204, 191
element, 1458, 230, 204, 191
element, 1459, 230, 204, 191
element, 1460, 230, 204, 191
element, 1461, 230, 204, 191
element, 1462, 230, 204, 191
element, 1463, 230, 204, 191
element, 1464, 230, 204, 191
element, 1465, 230, 204, 191
element, 1466, 230, 204, 191
element, 1467, 230, 204, 191
element, 1468, 230, 204, 191
element, 1469, 230, 204, 191
element, 1470, 230, 204, 191
element, 1471, 230, 204, 191
element, 1472, 230, 204, 191
element, 1473, 230, 204, 191
element, 1474, 230, 204, 191
element, 1475, 230, 204, 191
element, 1476, 230, 204, 191
element, 1477, 230, 204, 191
element, 1478, 230, 204, 191
element, 1479, 230, 204, 191
element, 1480, 230, 204, 191
element, 1481, 230, 204, 191
element, 1482, 230, 204, 191
element, 1483, 230, 204, 191
element, 1484, 230, 204, 191
element, 1485, 230, 204, 191
element, 1486, 230, 204, 191
element, 1487, 230, 204, 191
element, 1488, 230, 204, 191
element, 1489, 230, 204, 191
element, 1490, 230, 204, 191
element, 1491, 230, 204, 191
element, 1492, 230, 204, 191
element, 1493, 230, 204, 191
element, 1494, 230, 204, 191
element, 1495, 230, 204, 191
element, 1496, 230, 204, 191
element, 1497, 230, 204, 191
element, 1498, 230, 204, 191
element, 1499, 230, 204, 191
element, 1500, 230, 204, 191
element, 1501, 230, 204, 191
element, 1502, 230, 204, 191
element, 1503, 230, 204, 191
element, 1504, 230, 204, 191
element, 1505, 230, 204, 191
element, 1506, 230, 204, 191
element, 1507, 230, 204, 191
element, 1508, 230, 204, 191
element, 1509, 230, 204, 191
element, 1510, 230, 204, 191
element, 1511, 230, 204, 191
element, 1512, 230, 204, 191
element, 1513, 230, 204, 191
element, 1514, 230, 204, 191
element, 1515, 230, 204, 191
element, 1516, 230, 204, 191
element, 1517, 230, 204, 191
element, 1518, 230, 204, 191
element, 1519, 230, 204, 191
element, 1520, 230, 204, 191
element, 1521, 230, 204, 191
element, 1522, 230, 204, 191
element, 1523, 230, 204, 191
element, 1524, 230, 204, 191
element, 1525, 230, 204, 191
element, 1526, 230, 204, 191
element, 1527, 230, 204, 191
element, 1528, 230, 204, 191
element, 1529, 230, 204, 191
element, 1530, 230, 204, 191
element, 1531, 230, 204, 191
element, 1532, 230, 204, 191
element, 1533, 230, 204, 191
element, 1534, 230, 204, 191
element, 1535, 230, 204, 191
element, 1536, 230, 204, 191
element, 1537, 230, 204, 191
element, 1538, 230, 204, 191
element, 1539, 230, 204, 191
element, 1540, 230, 204, 191
element, 1541, 230, 204, 191
element, 1542, 230, 204, 191
element, 1543, 230, 204, 191
element, 1544, 230, 204, 191
element, 1545, 230, 204, 191
element, 1546, 230, 204, 191
element, 1547, 230, 204, 191
element, 1548, 230, 204, 191
element, 1549, 230, 204, 191
element, 1550, 230, 204, 191
element, 1551, 230, 204, 191
element, 1552, 230, 204, 191
element, 1553, 230, 204, 191
element, 1554, 230, 204, 191
element, 1555, 230, 204, 191
element, 1556, 230, 204, 191
element, 1557, 230, 204, 191
element, 1558, 230, 204, 191
element, 1559, 230, 204, 191
element, 1560, 230, 204, 191
element, 1561, 230, 204, 191
element, 1562, 230, 204, 191
element, 1563, 230, 204, 191
element, 1564, 230, 204, 191
element, 1565, 230, 204, 191
element, 1566, 230, 204, 191
element, 1567, 230, 204, 191
element, 1568, 230, 204, 191
element, 1569, 230, 204, 191
element, 1570, 230, 204, 191
element, 1571, 230, 204, 191
element, 1572, 230, 204, 191
element, 1573, 230, 204, 191
element, 1574, 230, 204, 191
element, 1575, 230, 204, 191
element, 1576, 230, 204, 191
element, 1577, 230, 204, 191
element, 1578, 230, 204, 191
element, 1579, 230, 204, 191
element, 1580, 230, 204, 191
element, 1581, 230, 204, 191
element, 1582, 230, 204, 191
element, 1583, 230, 204, 191
element, 1584, 230, 204, 191
element, 1585, 230, 204, 191
element, 1586, 230, 204, 191
element, 1587, 230, 204, 191
element, 1588, 230, 204, 191
element, 1589, 230, 204, 191
element, 1590, 230, 204, 191
element, 1591, 230, 204, 191
element, 1592, 230, 204, 191
element, 1593, 230, 204, 191
element, 1594, 230, 204, 191
element, 1595, 230, 204, 191
element, 1596, 230, 204, 191
element, 1597, 230, 204, 191
element, 1598, 230, 204, 191
element, 1599, 230, 204, 191
element, 1600, 230, 204, 191
element, 1601, 230, 204, 191
element, 1602, 230, 204, 191
element, 1603, 230, 204, 191
element, 1604, 230, 204, 191
element, 1605, 230, 204, 191
element, 1606, 230, 204, 191
element, 1607, 230, 204, 191
element, 1608, 230, 204, 191
element, 1609, 230, 204, 191
element, 1610, 230, 204, 191
element, 1611, 230, 204, 191
element, 1612, 230, 204, 191
element, 1613, 230, 204, 191
element, 1614, 230, 204, 191
element, 1615, 230, 204, 191
element, 1616, 230, 204, 191
element, 1617, 230, 204, 191
element, 1618, 230, 204, 191
element, 1619, 230, 204, 191
element, 1620, 230, 204, 191
element, 1621, 230, 204, 191
element, 1622, 230, 204, 191
element, 1623, 230, 204, 191
element, 1624, 230, 204, 191
element, 1625, 230, 204, 191
element, 1626, 230, 204, 191
element, 1627, 230, 204, 191
element, 1628, 230, 204, 191
element, 1629, 230, 204, 191
element, 1630, 230, 204, 191
element, 1631, 230, 204, 191
element, 1632, 230, 204, 191
element, 1633, 230, 204, 191
element, 1634, 230, 204, 191
element, 1635, 230, 204, 191
element, 1636, 230, 204, 191
element, 1637, 230, 204, 191
element, 1638, 230, 204, 191
element, 1639, 230, 204, 191
element, 1640, 230, 204, 191
element, 1641, 230, 204, 191
element, 1642, 230, 204, 191
element, 1643, 230, 204, 191
element, 1644, 230, 204, 191
element, 1645, 230, 204, 191
element, 1646, 230, 204, 191
element, 1647, 230, 204, 191
element, 1648, 230, 204, 191
element, 1649, 230, 204, 191
element, 1650, 230, 204, 191
element, 1651, 230, 204, 191
element, 1652, 230, 204, 191
element, 1653, 230, 204, 191
element, 1654, 230, 204, 191
element, 1655, 230, 204, 191
element, 1656, 230, 204, 191
element, 1657, 230, 204, 191
element, 1658, 230, 204, 191
element, 1659, 230, 204, 191
element, 1660, 230, 204, 191
element, 1661, 230, 204, 191
element, 1662, 230, 204, 191
element, 1663, 230, 204, 191
element, 1664, 230, 204, 191
element, 1665, 230, 204, 191
element, 1666, 230, 204, 191
element, 1667, 230, 204, 191
element, 1668, 230, 204, 191
element, 1669, 230, 204, 191
element, 1670, 230, 204, 191
element, 1671, 230, 204, 191
element, 1672, 230, 204, 191
element, 1673, 230, 204, 191
element, 1674, 230, 204, 191
element, 1675, 230, 204, 191
element, 1676, 230, 204, 191
element, 1677, 230, 204, 191
element, 1678, 230, 204, 191
element, 1679, 230, 204, 191
element, 1680, 230, 204, 191
element, 1681, 230, 204, 191
element, 1682, 230, 204, 191
element, 1683, 230, 204, 191
element, 1684, 230, 204, 191
element, 1685, 230, 204, 191
element, 1686, 230, 204, 191
element, 1687, 230, 204, 191
element, 1688, 230, 204, 191
element, 1689, 230, 204, 191
element, 1690, 230, 204, 191
element, 1691, 230, 204, 191
element, 1692, 230, 204, 191
element, 1693, 230, 204, 191
element, 1694, 230, 204, 191
element, 1695, 230, 204, 191
element, 1696, 230, 204, 191
element, 1697, 230, 204, 191
element, 1698, 230, 204, 191
element, 1699, 230, 204, 191
element, 1700, 230, 204, 191
element, 1701, 230, 204, 191
element, 1702, 230, 204, 191
element, 1703, 230, 204, 191
element, 1704, 230, 204, 191
element, 1705, 230, 204, 191
element, 1706, 230, 204, 191
element, 1707, 230, 204, 191
element, 1708, 230, 204, 191
element, 1709, 230, 204, 191
element, 1710, 230, 204, 191
element, 1711, 230, 204, 191
element, 1712, 230, 204, 191
element, 1713, 230, 204, 191
element, 1714, 230, 204, 191
element, 1715, 230, 204, 191
element, 1716, 230, 204, 191
element, 1717, 230, 204, 191
element, 1718, 230, 204, 191
element, 1719, 230, 204, 191
element, 1720, 230, 204, 191
element, 1721, 230, 204, 191
element, 1722, 230, 204, 191
element, 1723, 230, 204, 191
element, 1724, 230, 204, 191
element, 1725, 230, 204, 191
element, 1726, 230, 204, 191
element, 1727, 230, 204, 191
element, 1728, 230, 204, 191
element, 1729, 230, 204, 191
element, 1730, 230, 204, 191
element, 1731, 230, 204, 191
element, 1732, 230, 204, 191
element, 1733, 230, 204, 191
element, 1734, 230, 204, 191
element, 1735, 230, 204, 191
element, 1736, 230, 204, 191
element, 1737, 230, 204, 191
element, 1738, 230, 204, 191
element, 1739, 230, 204, 191
element, 1740, 230, 204, 191
element, 1741, 230, 204, 191
element, 1742, 230, 204, 191
element, 1743, 230, 204, 191
element, 1744, 230, 204, 191
element, 1745, 230, 204, 191
element, 1746, 230, 204, 191
element, 1747, 230, 204, 191
element, 1748, 230, 204, 191
element, 1749, 230, 204, 191
element, 1750, 230, 204, 191
element, 1751, 230, 204, 191
element, 1752, 230, 204, 191
element, 1753, 230, 204, 191
element, 1754, 230, 204, 191
element, 1755, 230, 204, 191
element, 1756, 230, 204, 191
element, 1757, 230, 204, 191
element, 1758, 230, 204, 191
element, 1759, 230, 204, 191
element, 1760, 230, 204, 191
element, 1761, 230, 204, 191
element, 1762, 230, 204, 191
element, 1763, 230, 204, 191
element, 1764, 230, 204, 191
element, 1765, 230, 204, 191
element, 1766, 230, 204, 191
element, 1767, 230, 204, 191
element, 1768, 230, 204, 191
element, 1769, 230, 204, 191
element, 1770, 230, 204, 191
element, 1771, 230, 204, 191
element, 1772, 230, 204, 191
element, 1773, 230, 204, 191
element, 1774, 230, 204, 191
element, 1775, 230, 204, 191
element, 1776, 230, 204, 191
element, 1777, 230, 204, 191
element, 1778, 230, 204, 191
element, 1779, 230, 204, 191
element, 1780, 230, 204, 191
element, 1781, 230, 204, 191
element, 1782, 230, 204, 191
element, 1783, 230, 204, 191
element, 1784, 230, 204, 191
element, 1785, 230, 204, 191
element, 1786, 230, 204, 191
element, 1787, 230, 204, 191
element, 1788, 230, 204, 191
element, 1789, 230, 204, 191
element, 1790, 230, 204, 191
element, 1791, 230, 204, 191
element, 1792, 230, 204, 191
element, 1793, 230, 204, 191
element, 1794, 230, 204, 191
element, 1795, 230, 204, 191
element, 1796, 230, 204, 191
element, 1797, 230, 204, 191
element, 1798, 230, 204, 191
element, 1799, 230, 204, 191
element, 1800, 230, 204, 191
element, 1801, 230, 204, 191
element, 1802, 230, 204, 191
element, 1803, 230, 204, 191
element, 1804, 230, 204, 191
element, 1805, 230, 204, 191
element, 1806, 230, 204, 191
element, 1807, 230, 204, 191
element, 1808, 230, 204, 191
element, 1809, 230, 204, 191
element, 1810, 230, 204, 191
element, 1811, 230, 204, 191
element, 1812, 230, 204, 191
element, 1813, 230, 204, 191
element, 1814, 230, 204, 191
element, 1815, 230, 204, 191
element, 1816, 230, 204, 191
element, 1817, 230, 204, 191
element, 1818, 230, 204, 191
element, 1819, 230, 204, 191
element, 1820, 230, 204, 191
element, 1821, 230, 204, 191
element, 1822, 230, 204, 191
element, 1823, 230, 204, 191
element, 1824, 230, 204, 191
element, 1825, 230, 204, 191
element, 1826, 230, 204, 191
element, 1827, 230, 204, 191
element, 1828, 230, 204, 191
element, 1829, 230, 204, 191
element, 1830, 230, 204, 191
element, 1831, 230, 204, 191
element, 1832, 230, 204, 191
element, 1833, 230, 204, 191
element, 1834, 230, 204, 191
element, 1835, 230, 204, 191
element, 1836, 230, 204, 191
element, 1837, 230, 204, 191
element, 1838, 230, 204, 191
element, 1839, 230, 204, 191
element, 1840, 230, 204, 191
element, 1841, 230, 204, 191
element, 1842, 230, 204, 191
element, 1843, 230, 204, 191
element, 1844, 230, 204, 191
element, 1845, 230, 204, 191
element, 1846, 230, 204, 191
element, 1847, 230, 204, 191
element, 1848, 230, 204, 191
element, 1849, 230, 204, 191
element, 1850, 230, 204, 191
element, 1851, 230, 204, 191
element, 1852, 230, 204, 191
element, 1853, 230, 204, 191
element, 1854, 230, 204, 191
element, 1855, 230, 204, 191
element, 1856, 230, 204, 191
element, 1857, 230, 204, 191
element, 1858, 230, 204, 191
element, 1859, 230, 204, 191
element, 1860, 230, 204, 191
element, 1861, 230, 204, 191
element, 1862, 230, 204, 191
element, 1863, 230, 204, 191
element, 1864, 230, 204, 191
element, 1865, 230, 204, 191
element, 1866, 230, 204, 191
element, 1867, 230, 204, 191
element, 1868, 230, 204, 191
element, 1869, 230, 204, 191
element, 1870, 230, 204, 191
element, 1871, 230, 204, 191
element, 1872, 230, 204, 191
element, 1873, 230, 204, 191
element, 1874, 230, 204, 191
element, 1875, 230, 204, 191
element, 1876, 230, 204, 191
element, 1877, 230, 204, 191
element, 1878, 230, 204, 191
element, 1879, 230, 204, 191
element, 1880, 230, 204, 191
element, 1881, 230, 204, 191
element, 1882, 230, 204, 191
element, 1883, 230, 204, 191
element, 1884, 230, 204, 191
element, 1885, 230, 204, 191
element, 1886, 230, 204, 191
element, 1887, 230, 204, 191
element, 1888, 230, 204, 191
element, 1889, 230, 204, 191
element, 1890, 230, 204, 191
element, 1891, 230, 204, 191
element, 1892, 230, 204, 191
element, 1893, 230, 204, 191
element, 1894, 230, 204, 191
element, 1895, 230, 204, 191
element, 1896, 230, 204, 191
element, 1897, 230, 204, 191
element, 1898, 230, 204, 191
element, 1899, 230, 204, 191
element, 1900, 230, 204, 191
element, 1901, 230, 204, 191
element, 1902, 230, 204, 191
element, 1903, 230, 204, 191
element, 1904, 230, 204, 191
element, 1905, 230, 204, 191
element, 1906, 230, 204, 191
element, 1907, 230, 204, 191
element, 1908, 230, 204, 191
element, 1909, 230, 204, 191
element, 1910, 230, 204, 191
element, 1911, 230, 204, 191
element, 1912, 230, 204, 191
element, 1913, 230, 204, 191
element, 1914, 230, 204, 191
element, 1915, 230, 204, 191
element, 1916, 230, 204, 191
element, 1917, 230, 204, 191
element, 1918, 230, 204, 191
element, 1919, 230, 204, 191
element, 1920, 230, 204, 191
element, 1921, 230, 204, 191
element, 1922, 230, 204, 191
element, 1923, 230, 204, 191
element, 1924, 230, 204, 191
element, 1925, 230, 204, 191
element, 1926, 230, 204, 191
element, 1927, 230, 204, 191
element, 1928, 230, 204, 191
element, 1929, 230, 204, 191
element, 1930, 230, 204, 191
element, 1931, 230, 204, 191
element, 1932, 230, 204, 191
element, 1933, 230, 204, 191
element, 1934, 230, 204, 191
element, 1935, 230, 204, 191
element, 1936, 230, 204, 191
element, 1937, 230, 204, 191
element, 1938, 230, 204, 191
element, 1939, 230, 204, 191
element, 1940, 230, 204, 191
element, 1941, 230, 204, 191
element, 1942, 230, 204, 191
element, 1943, 230, 204, 191
element, 1944, 230, 204, 191
element, 1945, 230, 204, 191
element, 1946, 230, 204, 191
element, 1947, 230, 204, 191
element, 1948, 230, 204, 191
element, 1949, 230, 204, 191
element, 1950, 230, 204, 191
element, 1951, 230, 204, 191
element, 1952, 230, 204, 191
element, 1953, 230, 204, 191
element, 1954, 230, 204, 191
element, 1955, 230, 204, 191
element, 1956, 230, 204, 191
element, 1957, 230, 204, 191
element, 1958, 230, 204, 191
element, 1959, 230, 204, 191
element, 1960, 230, 204, 191
element, 1961, 230, 204, 191
element, 1962, 230, 204, 191
element, 1963, 230, 204, 191
element, 1964, 230, 204, 191
element, 1965, 230, 204, 191
element, 1966, 230, 204, 191
element, 1967, 230, 204, 191
element, 1968, 230, 204, 191
element, 1969, 230, 204, 191
element, 1970, 230, 204, 191
element, 1971, 230, 204, 191
element, 1972, 230, 204, 191
element, 1973, 230, 204, 191
element, 1974, 230, 204, 191
element, 1975, 230, 204, 191
element, 1976, 230, 204, 191
element, 1977, 230, 204, 191
element, 1978, 230, 204, 191
element, 1979, 230, 204, 191
element, 1980, 230, 204, 191
element, 1981, 230, 204, 191
element, 1982, 230, 204, 191
element, 1983, 230, 204, 191
element, 1984, 230, 204, 191
element, 1985, 230, 204, 191
element, 1986, 230, 204, 191
element, 1987, 230, 204, 191
element, 1988, 230, 204, 191
element, 1989, 230, 204, 191
element, 1990, 230, 204, 191
element, 1991, 230, 204, 191
element, 1992, 230, 204, 191
element, 1993, 230, 204, 191
element, 1994, 230, 204, 191
element, 1995, 230, 204, 191
element, 1996, 230, 204, 191
element, 1997, 230, 204, 191
element, 1998, 230, 204, 191
element, 1999, 230, 204, 191
element, 2000, 230, 204, 191
element, 2001, 230, 204, 191
element, 2002, 230, 204, 191
element, 2003, 230, 204, 191
element, 2004, 230, 204, 191
element, 2005, 230, 204, 191
element, 2006, 230, 204, 191
element, 2007, 230, 204, 191
element, 2008, 230, 204, 191
element, 2009, 230, 204, 191
element, 2010, 230, 204, 191
element, 2011, 230, 204, 191
element, 2012, 230, 204, 191
element, 2013, 230, 204, 191
element, 2014, 230, 204, 191
element, 2015, 230, 204, 191
element, 2016, 230, 204, 191
element, 2017, 230, 204, 191
element, 2018, 230, 204, 191
element, 2019, 230, 204, 191
element, 2020, 230, 204, 191
element, 2021, 230, 204, 191
element, 2022, 230, 204, 191
element, 2023, 230, 204, 191
element, 2024, 230, 204, 191
element, 2025, 230, 204, 191
element, 2026, 230, 204, 191
element, 2027, 230, 204, 191
element, 2028, 230, 204, 191
element, 2029, 230, 204, 191
element, 2030, 230, 204, 191
element, 2031, 230, 204, 191
element, 2032, 230, 204, 191
element, 2033, 230, 204, 191
element, 2034, 230, 204, 191
element, 2035, 230, 204, 191
element, 2036, 230, 204, 191
element, 2037, 230, 204, 191
element, 2038, 230, 204, 191
element, 2039, 230, 204, 191
element, 2040, 230, 204, 191
element, 2041, 230, 204, 191
element, 2042, 230, 204, 191
element, 2043, 230, 204, 191
element, 2044, 230, 204, 191
element, 2045, 230, 204, 191
element, 2046, 230, 204, 191
element, 2047, 230, 204, 191
element, 2048, 230, 204, 191
element, 2049, 230, 204, 191
element, 2050, 230, 204, 191
element, 2051, 230, 204, 191
element, 2052, 230, 204, 191
element, 2053, 230, 204, 191
element, 2054, 230, 204, 191
element, 2055, 230, 204, 191
element, 2056, 230, 204, 191
element, 2057, 230, 204, 191
element, 2058, 230, 204, 191
element, 2059, 230, 204, 191
element, 2060, 230, 204, 191
element, 2061, 230, 204, 191
element, 2062, 230, 204, 191
element, 2063, 230, 204, 191
